Trait,SNP,p,-log10(p),Pos
Yield,SNP_151,9.561083447465944e-13,12.019492891343699,150
Yield,SNP_1801,5.61199501579098e-07,6.250882723355622,1800
Yield,SNP_11,8.407342177497549e-07,6.07534127650637,10
Grain_weight,SNP_1201,1.6708468680044695e-41,40.77706335108094,1200
Grain_weight,SNP_3501,2.444131913995131e-22,21.6118753581782,3500
Grain_weight,SNP_6,6.664949374211196e-19,18.17620314506246,5
