SNP,p,-log10(p),Pos
SNP_1201,1.6708468680044695e-41,40.77706335108094,1200
SNP_3501,2.444131913995131e-22,21.6118753581782,3500
SNP_6,6.664949374211196e-19,18.17620314506246,5
