SNP,p,-log10(p),Pos
SNP_151,9.561083447465944e-13,12.019492891343699,150
SNP_1801,5.61199501579098e-07,6.250882723355622,1800
SNP_11,8.407342177497549e-07,6.07534127650637,10
